Station Number,Station,Date,Riding Type,01AM-02AM,02AM-03AM,03AM-04AM,04AM-05AM,05AM-06AM,06AM-07AM,07AM-8AM,08AM-09AM,09AM-10AM,10AM-11AM,11AM-12PM,12PM-13PM,13PM-14PM,14PM-15PM,15PM-16PM,16PM-17PM,17PM-18PM,18PM-19PM,19PM-20PM,20PM-21PM,21PM-22PM,22PM-23PM,23PM-24AM,24AM-01AM
95,Dadaepo Beach,2023.12.31,boarding,0,0,0,12,31,53,63,137,167,224,319,354,347,477,559,447,1747,808,448,258,180,146,45,14
95,Dadaepo Beach,2023.12.31,alighting,52,10,0,2,28,61,47,92,116,221,275,323,425,532,670,1393,831,257,244,156,150,129,71,45
96,Dadaepo Harbor,2023.12.31,boarding,0,0,0,4,28,34,39,99,117,121,184,211,226,208,258,250,239,160,148,118,105,72,5,5
96,Dadaepo Harbor,2023.12.31,alighting,18,5,0,0,14,53,38,59,88,125,171,189,196,216,250,300,299,225,146,146,108,96,71,29
97,Natgae,2023.12.31,boarding,1,1,0,4,44,63,102,167,213,239,267,299,290,279,276,334,310,199,125,107,108,92,30,4
97,Natgae,2023.12.31,alighting,17,12,0,0,5,43,39,66,91,101,134,160,226,216,287,356,385,366,213,193,184,194,127,35
98,Sinjangnim,2023.12.31,boarding,0,2,0,4,33,47,68,102,149,173,172,160,167,173,137,176,145,108,90,64,76,65,9,7
98,Sinjangnim,2023.12.31,alighting,31,5,0,0,5,27,32,35,43,61,71,102,108,132,175,198,194,175,123,87,110,63,52,19
99,Jangnim,2023.12.31,boarding,1,1,0,4,36,30,46,81,95,124,184,177,211,163,190,223,205,128,131,109,94,92,26,5
99,Jangnim,2023.12.31,alighting,68,16,0,2,4,48,28,59,70,57,128,107,132,115,159,167,215,193,154,88,113,89,58,23
100,Dongmae,2023.12.31,boarding,0,1,0,4,36,54,59,113,155,187,185,246,203,209,198,257,186,157,98,83,56,68,10,9
100,Dongmae,2023.12.31,alighting,17,11,0,0,4,55,34,58,64,97,74,108,138,134,175,173,198,180,164,130,145,133,55,35
101,Sinpyeong,2023.12.31,boarding,0,0,0,18,52,68,118,151,237,255,336,289,306,312,313,319,341,277,171,120,118,123,40,15
101,Sinpyeong,2023.12.31,alighting,35,14,0,2,14,47,79,99,74,164,163,186,184,257,307,362,392,404,281,250,212,193,106,132
102,Hadan,2023.12.31,boarding,8,0,0,20,103,148,238,385,553,762,833,925,1173,1436,1387,1381,1130,1125,694,676,657,531,228,30
102,Hadan,2023.12.31,alighting,94,68,0,3,30,212,235,351,579,665,770,684,759,882,968,1137,1300,1192,1024,754,694,608,393,260
103,Dangni,2023.12.31,boarding,2,0,0,8,48,58,84,147,228,281,293,323,373,336,275,354,269,235,132,117,104,104,33,37
103,Dangni,2023.12.31,alighting,23,13,0,2,5,49,38,105,136,186,183,171,203,257,324,386,329,381,235,284,178,167,83,73
104,Saha,2023.12.31,boarding,1,0,0,1,37,62,73,157,191,241,263,284,250,219,222,259,226,202,118,84,119,75,42,9
104,Saha,2023.12.31,alighting,21,0,0,0,14,33,31,53,74,115,109,123,167,191,236,278,257,213,184,163,157,119,63,83
105,Goejeong,2023.12.31,boarding,4,0,0,2,73,98,109,228,326,401,433,484,505,540,522,572,516,347,288,260,218,190,56,30
105,Goejeong,2023.12.31,alighting,40,1,0,0,15,62,63,116,159,248,256,364,445,432,558,618,565,591,337,300,257,274,130,109
106,Daeti,2023.12.31,boarding,8,0,0,7,33,39,76,130,203,225,240,274,237,199,214,179,164,136,98,78,65,75,15,10
106,Daeti,2023.12.31,alighting,28,0,0,3,9,44,36,65,90,113,74,94,148,156,205,257,210,214,164,121,141,88,55,77
107,Seodaesin,2023.12.31,boarding,1,0,0,2,20,24,48,90,162,190,186,222,209,232,267,237,222,122,92,65,51,35,19,10
107,Seodaesin,2023.12.31,alighting,32,0,0,1,12,40,60,116,142,166,128,150,188,165,188,199,164,164,112,123,140,82,54,45
108,Dongdaesin,2023.12.31,boarding,3,0,0,5,60,59,99,176,247,298,331,420,406,414,430,410,298,250,157,166,124,130,36,20
108,Dongdaesin,2023.12.31,alighting,46,0,0,0,14,68,51,74,153,211,169,188,220,238,283,353,326,342,246,215,165,160,142,64
109,Toseong,2023.12.31,boarding,3,0,0,3,48,71,107,186,225,301,340,451,397,358,413,436,407,252,175,115,115,131,73,28
109,Toseong,2023.12.31,alighting,26,0,0,0,46,77,81,146,283,307,280,252,304,303,318,278,280,236,212,115,187,174,115,54
110,Jagalchi,2023.12.31,boarding,25,0,0,7,64,95,121,233,367,502,712,998,1336,2018,2351,2529,2107,1910,1587,1414,1257,879,461,291
110,Jagalchi,2023.12.31,alighting,60,0,0,3,59,129,223,337,728,1144,2025,2529,2406,2278,2093,2051,1728,1560,988,638,527,374,213,66
111,Nampo,2023.12.31,boarding,22,0,0,2,72,89,145,274,500,535,704,927,1286,1661,2141,2587,2280,2315,1959,1865,1210,851,381,1082
111,Nampo,2023.12.31,alighting,98,0,0,0,68,151,212,404,864,1337,1950,2126,2431,2307,2251,2234,2073,1881,1192,936,732,721,553,70
112,Jungang,2023.12.31,boarding,9,0,0,0,42,63,67,129,239,217,232,265,298,345,403,429,440,317,226,208,164,124,64,657
112,Jungang,2023.12.31,alighting,81,0,0,0,17,57,84,138,160,230,241,288,341,304,365,317,280,273,163,197,169,167,116,23
113,Busan Station,2023.12.31,boarding,12,0,0,1,77,105,138,412,989,1615,2111,1678,2307,1451,2153,1799,1781,1366,1202,919,880,750,297,77
113,Busan Station,2023.12.31,alighting,211,0,0,0,104,344,568,799,1050,1092,1237,1408,1623,1952,1856,1934,1850,1758,1688,1026,1026,616,315,150
114,Choryang,2023.12.31,boarding,0,0,0,1,31,59,73,116,186,198,209,259,351,312,284,302,250,219,152,145,77,89,52,10
114,Choryang,2023.12.31,alighting,51,0,0,0,17,52,67,110,96,178,178,180,217,204,251,265,267,233,220,151,177,136,90,33
115,Busanjin,2023.12.31,boarding,6,0,0,0,61,53,97,147,198,266,352,432,366,345,292,295,334,266,168,103,98,107,35,16
115,Busanjin,2023.12.31,alighting,37,0,0,0,11,50,67,112,175,209,160,220,242,298,327,380,326,285,193,194,170,129,74,71
116,Jwacheon,2023.12.31,boarding,5,0,0,0,32,62,81,117,160,189,221,274,340,389,240,222,215,119,89,61,73,44,19,14
116,Jwacheon,2023.12.31,alighting,21,0,0,0,21,48,39,100,123,289,330,119,157,169,197,192,185,172,127,184,123,125,81,48
117,Beomil,2023.12.31,boarding,4,0,0,1,73,95,126,180,255,344,473,572,790,830,854,725,647,537,378,408,209,177,73,9
117,Beomil,2023.12.31,alighting,24,0,0,0,40,83,116,198,505,626,650,679,637,686,670,625,595,445,329,271,202,221,156,71
118,Beomnaegol,2023.12.31,boarding,4,0,0,1,62,96,105,236,341,382,367,355,365,335,386,338,371,363,212,182,174,182,77,3
118,Beomnaegol,2023.12.31,alighting,80,0,0,0,23,69,74,102,172,240,262,233,313,328,346,366,392,333,289,259,218,190,119,89
119,Seomyeon,2023.12.31,boarding,67,0,0,8,283,266,244,376,627,800,1028,1351,1635,2169,2612,3042,2825,2754,2132,2089,1627,1545,977,106
119,Seomyeon,2023.12.31,alighting,253,0,0,2,98,162,224,481,1142,1645,2790,3456,3638,3485,3341,3260,2921,2757,2222,1685,1601,1316,666,412
120,Bujeon,2023.12.31,boarding,3,0,0,0,77,134,165,290,522,552,687,841,890,979,1264,1328,1019,714,491,278,277,205,99,10
120,Bujeon,2023.12.31,alighting,42,0,0,0,57,136,150,301,443,681,956,1388,1412,1186,1136,1030,729,647,344,325,271,255,116,51
121,Yangjeong,2023.12.31,boarding,12,0,0,1,83,146,147,243,358,407,390,516,505,560,431,431,434,379,286,197,233,201,83,19
121,Yangjeong,2023.12.31,alighting,86,0,0,0,49,72,93,141,210,345,305,301,370,378,484,526,580,482,369,362,313,232,167,40
122,City Hall,2023.12.31,boarding,6,0,0,1,87,135,150,321,605,532,561,602,646,680,642,648,564,464,386,281,311,239,137,11
122,City Hall,2023.12.31,alighting,80,1,0,0,43,87,159,200,253,331,461,470,438,507,590,638,710,607,523,391,391,294,203,46
123,Yeonsan,2023.12.31,boarding,18,0,0,1,151,177,202,332,567,621,696,817,775,782,876,799,780,837,479,382,361,317,141,27
123,Yeonsan,2023.12.31,alighting,134,1,0,0,48,95,126,248,460,543,580,714,667,647,799,929,963,827,737,580,514,391,300,107
124,Busan Nat\'l Univ. of Edu.,2023.12.31,boarding,10,0,0,6,50,126,190,304,516,649,773,687,902,658,676,741,679,619,395,298,323,221,189,32
124,Busan Nat\'l Univ. of Edu.,2023.12.31,alighting,64,0,0,3,42,102,107,206,355,460,505,492,583,638,781,749,750,627,474,415,395,342,158,40
125,Dongnae,2023.12.31,boarding,13,0,0,5,121,176,218,363,541,588,717,764,888,919,875,861,751,763,600,658,627,581,368,91
125,Dongnae,2023.12.31,alighting,133,0,0,1,94,266,180,281,506,531,662,611,773,836,957,1082,1220,1196,922,871,706,508,436,76
126,Myeongnyun,2023.12.31,boarding,2,0,0,2,62,93,126,213,296,371,435,535,596,612,642,720,612,485,381,386,239,182,119,20
126,Myeongnyun,2023.12.31,alighting,87,0,0,1,29,73,78,159,335,342,401,416,486,555,613,671,649,482,428,278,327,241,181,51
127,Oncheonjang,2023.12.31,boarding,3,0,0,7,134,159,259,395,619,739,781,839,958,1062,925,996,896,741,511,408,332,315,110,16
127,Oncheonjang,2023.12.31,alighting,109,0,0,0,88,261,331,387,535,594,702,682,750,814,832,957,919,766,660,496,425,353,234,60
128,Pusan Nat\'l Univ.,2023.12.31,boarding,1,0,0,1,72,125,147,245,370,446,494,642,776,809,804,1029,962,949,712,747,642,607,272,21
128,Pusan Nat\'l Univ.,2023.12.31,alighting,130,0,0,0,30,75,80,151,332,453,601,835,755,858,927,975,977,829,615,534,405,378,237,68
129,Jangjeon,2023.12.31,boarding,3,0,0,0,64,127,181,293,435,530,563,603,577,590,632,603,595,421,303,253,270,271,96,18
129,Jangjeon,2023.12.31,alighting,130,0,0,0,38,78,107,192,217,363,302,331,411,436,462,553,531,519,440,364,392,374,261,82
130,Guseo,2023.12.31,boarding,1,0,0,2,64,72,113,198,282,402,450,467,519,478,505,498,450,376,301,258,265,230,91,8
130,Guseo,2023.12.31,alighting,69,0,0,1,4,70,107,142,243,272,319,364,379,416,409,503,501,457,319,332,239,208,130,49
131,Dusil,2023.12.31,boarding,3,0,0,5,60,90,136,221,304,352,367,487,393,362,359,309,327,224,179,134,124,117,34,25
131,Dusil,2023.12.31,alighting,54,0,0,0,2,88,75,97,188,224,194,213,211,191,288,291,309,312,230,203,254,182,153,37
132,Namsan,2023.12.31,boarding,1,0,0,1,53,70,104,148,228,308,317,362,358,308,284,312,248,212,177,138,142,135,47,7
132,Namsan,2023.12.31,alighting,49,0,0,0,1,78,55,85,105,174,155,151,173,221,224,311,307,286,239,173,188,173,148,47
133,Beomeosa,2023.12.31,boarding,0,0,0,5,43,86,107,210,325,388,460,491,557,535,542,463,399,253,180,132,118,103,23,7
133,Beomeosa,2023.12.31,alighting,29,0,0,0,0,106,58,152,332,379,331,282,278,291,324,306,316,258,204,165,174,153,92,31
134,Nopo,2023.12.31,boarding,0,0,0,22,53,66,124,232,429,687,805,923,884,866,843,852,803,606,462,388,342,251,102,7
134,Nopo,2023.12.31,alighting,55,0,0,2,0,255,308,408,576,769,592,582,647,669,730,711,604,660,478,370,380,212,131,44
201,Jangsan,2023.12.31,boarding,10,0,0,7,86,163,194,302,507,563,590,670,772,897,901,980,906,917,744,706,814,831,353,20
201,Jangsan,2023.12.31,alighting,766,0,0,0,0,171,149,289,399,563,505,713,633,840,734,963,946,872,615,553,572,383,256,222
202,Jung-dong,2023.12.31,boarding,4,0,0,4,35,69,102,161,251,319,403,463,434,528,521,605,568,430,349,308,317,277,134,19
202,Jung-dong,2023.12.31,alighting,269,1,0,1,0,107,73,146,231,394,395,361,448,431,448,499,554,403,346,266,214,164,128,74
203,Haeundae,2023.12.31,boarding,55,2,0,5,75,76,105,229,316,678,987,931,1107,1241,1687,1761,1698,1825,1707,1475,1529,1595,745,567
203,Haeundae,2023.12.31,alighting,896,2,0,0,6,243,235,334,588,696,1101,1229,1510,1633,1759,1846,1978,1700,1517,1321,1422,882,715,170
204,Dongbaek,2023.12.31,boarding,55,0,0,3,37,38,69,153,183,309,292,343,434,400,462,458,428,415,301,292,272,295,172,13
204,Dongbaek,2023.12.31,alighting,188,0,0,0,2,107,88,161,222,196,254,320,316,395,468,583,483,491,323,307,252,200,102,28
205,BEXCO(Busan Museum of Art),2023.12.31,boarding,13,0,0,0,22,129,132,272,384,740,640,1106,694,1023,745,877,902,682,563,729,763,547,319,183
205,BEXCO(Busan Museum of Art),2023.12.31,alighting,313,1,0,0,17,174,166,513,339,980,461,819,623,824,1049,1273,625,690,620,636,475,315,172,82
206,Centum City,2023.12.31,boarding,9,0,0,1,15,54,67,130,191,362,520,759,1106,1427,1920,2148,2206,2266,1848,3039,2502,796,1010,13
206,Centum City,2023.12.31,alighting,396,0,0,1,7,125,184,430,1224,1323,1644,1738,1980,2080,2513,2168,1459,1109,969,390,257,236,137,106
207,Millak,2023.12.31,boarding,133,0,0,0,17,48,62,110,168,186,203,208,176,200,200,258,178,151,112,108,111,125,95,33
207,Millak,2023.12.31,alighting,52,1,0,0,4,27,20,33,75,104,140,146,146,174,169,256,309,263,177,166,148,140,64,39
208,Suyeong,2023.12.31,boarding,1322,4,0,2,144,155,216,384,637,587,645,746,826,857,754,778,707,651,525,522,368,456,340,1005
208,Suyeong,2023.12.31,alighting,406,4,0,2,35,99,115,168,285,394,539,583,633,724,726,951,916,979,747,688,753,490,375,164
209,Gwangan,2023.12.31,boarding,639,1,0,1,54,68,144,275,363,432,574,647,695,841,804,953,948,896,805,824,794,801,448,4583
209,Gwangan,2023.12.31,alighting,161,8,0,0,32,94,61,128,224,443,599,808,1074,1094,1316,1651,1962,2071,2250,2436,3529,4352,5014,484
210,Geumnyeonsan,2023.12.31,boarding,661,0,0,0,41,62,73,148,213,254,373,453,378,474,404,509,520,497,370,289,407,275,150,2243
210,Geumnyeonsan,2023.12.31,alighting,80,0,0,0,29,69,42,84,207,267,354,400,508,475,603,655,763,824,737,882,861,931,1226,223
211,Namcheon,2023.12.31,boarding,238,1,0,2,23,56,90,126,164,330,272,432,347,377,416,400,353,687,421,204,175,137,104,117
211,Namcheon,2023.12.31,alighting,55,0,0,0,26,48,55,155,246,263,285,336,382,553,446,447,457,392,294,197,210,147,90,46
212,Kyungsung Univ·Pukyong Nat\'l Univ.,2023.12.31,boarding,16,0,0,1,98,125,153,295,469,556,541,527,661,705,841,895,884,671,579,471,543,737,588,32
212,Kyungsung Univ·Pukyong Nat\'l Univ.,2023.12.31,alighting,124,0,0,0,36,90,77,134,212,370,371,447,581,649,715,857,859,928,733,584,653,531,399,202
213,Daeyeon,2023.12.31,boarding,3,0,0,2,94,118,134,325,446,481,542,590,516,503,475,539,486,373,264,277,247,299,232,18
213,Daeyeon,2023.12.31,alighting,157,0,0,1,20,76,71,153,213,246,260,308,339,333,507,527,592,523,428,363,342,327,174,135
214,Motgol,2023.12.31,boarding,12,0,0,0,45,54,59,101,164,188,248,236,264,250,252,263,232,154,128,97,103,117,85,22
214,Motgol,2023.12.31,alighting,106,0,0,0,24,47,47,50,124,132,160,133,182,174,209,278,242,229,195,182,180,147,76,64
215,Jigegol,2023.12.31,boarding,2,0,0,2,35,43,51,77,142,122,136,164,154,144,114,112,102,85,85,73,59,42,25,6
215,Jigegol,2023.12.31,alighting,50,0,0,0,14,19,28,26,60,122,87,74,74,112,105,157,156,162,73,95,104,65,39,21
216,Munhyeon,2023.12.31,boarding,4,0,0,1,38,64,69,124,192,199,266,237,275,304,262,264,250,321,137,108,150,133,54,13
216,Munhyeon,2023.12.31,alighting,174,0,0,0,10,40,43,98,155,184,164,208,179,211,254,202,241,210,156,145,181,131,123,39
217,Busan Int\'l Finance Center·Busan Bank,2023.12.31,boarding,0,0,0,1,26,36,38,86,137,140,171,195,152,172,185,210,170,130,102,82,88,99,59,1
217,Busan Int\'l Finance Center·Busan Bank,2023.12.31,alighting,122,1,0,1,9,40,38,55,54,115,119,139,152,155,193,180,155,121,157,119,115,66,56,36
218,Jeonpo,2023.12.31,boarding,5,0,0,2,61,64,79,165,250,215,258,366,448,544,652,750,672,660,518,513,550,527,323,15
218,Jeonpo,2023.12.31,alighting,310,0,1,0,13,45,60,74,204,371,628,791,778,802,892,942,848,768,634,443,424,273,198,93
219,Seomyeon,2023.12.31,boarding,25,0,0,13,237,198,176,296,453,643,932,1039,1317,1803,2161,2481,2186,2133,1724,1805,1622,1569,858,93
219,Seomyeon,2023.12.31,alighting,751,0,0,0,39,136,187,366,852,1000,1512,1993,1994,2036,1903,1902,1735,1678,1379,1155,1080,848,547,329
220,Buam,2023.12.31,boarding,2,2,0,1,63,67,99,170,221,249,328,276,261,271,273,313,212,184,143,127,172,139,38,6
220,Buam,2023.12.31,alighting,96,2,0,1,14,57,61,117,150,198,183,150,219,178,216,196,238,249,186,157,172,105,66,35
221,Gaya,2023.12.31,boarding,1,0,0,0,57,58,66,125,207,207,215,207,171,234,175,189,130,131,74,52,84,52,26,3
221,Gaya,2023.12.31,alighting,41,0,0,0,10,32,39,48,57,81,91,103,131,160,196,219,210,208,161,121,153,103,52,19
222,Dongeui Univ.,2023.12.31,boarding,7,0,0,0,40,52,80,142,244,251,300,294,325,282,232,266,215,189,145,102,110,131,45,23
222,Dongeui Univ.,2023.12.31,alighting,86,0,0,0,27,35,43,83,171,133,160,172,167,178,220,247,256,200,158,119,172,135,105,51
223,Gaegeum,2023.12.31,boarding,2,0,0,2,75,96,138,221,316,335,378,362,421,389,328,333,329,177,181,133,143,192,69,8
223,Gaegeum,2023.12.31,alighting,127,0,0,0,30,48,64,75,139,143,173,184,272,303,351,378,383,355,250,268,233,211,136,49
224,Naengjeong,2023.12.31,boarding,4,0,0,0,43,63,61,124,198,208,230,247,241,275,287,243,221,189,136,116,144,130,53,6
224,Naengjeong,2023.12.31,alighting,96,0,0,0,21,49,42,49,85,68,107,121,138,127,179,198,199,197,129,160,154,154,119,39
225,Jurye,2023.12.31,boarding,6,0,0,0,61,77,83,162,269,293,320,400,273,286,276,327,300,369,194,132,125,126,45,5
225,Jurye,2023.12.31,alighting,114,0,0,0,14,59,48,93,202,144,144,157,176,179,290,304,275,274,207,163,177,180,108,58
226,Gamjeon,2023.12.31,boarding,15,0,0,1,28,28,49,77,135,106,124,164,106,125,123,100,120,71,58,42,68,65,12,17
226,Gamjeon,2023.12.31,alighting,33,0,0,0,12,44,38,46,63,87,68,94,82,123,86,120,114,77,59,66,74,80,57,21
227,Sasang,2023.12.31,boarding,22,0,0,2,81,111,233,403,726,1051,1482,1525,1618,1571,1643,1696,1570,1430,1250,1091,1091,739,274,37
227,Sasang,2023.12.31,alighting,365,0,0,0,148,382,388,494,719,829,1133,1170,1190,1225,1355,1486,1453,1371,1246,917,802,481,277,166
228,Deokpo,2023.12.31,boarding,3,0,0,0,25,53,46,93,154,157,219,243,217,187,222,205,234,151,124,94,103,64,27,2
228,Deokpo,2023.12.31,alighting,74,0,0,0,18,37,34,63,92,133,155,157,157,145,216,240,186,142,108,102,112,87,51,23
229,Modeok,2023.12.31,boarding,3,0,0,0,8,8,17,16,32,40,27,68,45,51,34,40,32,18,18,14,17,17,3,3
229,Modeok,2023.12.31,alighting,10,0,0,0,2,15,17,21,28,46,22,16,28,26,45,28,24,17,24,12,19,13,20,8
230,Mora,2023.12.31,boarding,2,0,0,7,46,52,67,134,223,215,239,265,231,256,218,197,184,136,134,106,79,66,20,5
230,Mora,2023.12.31,alighting,55,0,0,0,16,49,39,62,98,125,126,180,161,180,180,224,176,160,140,119,89,101,70,34
231,Gunam,2023.12.31,boarding,1,0,0,1,53,66,66,136,208,219,237,250,191,176,204,170,187,138,94,101,114,61,34,8
231,Gunam,2023.12.31,alighting,27,0,0,0,18,38,40,72,74,117,105,159,135,151,242,241,254,224,135,134,122,121,54,22
232,Gumyeong,2023.12.31,boarding,3,0,0,0,43,43,47,112,180,178,184,196,165,162,156,134,138,116,75,69,60,49,16,3
232,Gumyeong,2023.12.31,alighting,20,0,0,0,9,39,36,63,115,132,78,89,92,97,122,126,127,110,112,88,84,94,43,7
233,Deokcheon,2023.12.31,boarding,1,0,0,1,23,28,45,71,131,164,227,248,279,270,334,355,281,227,150,116,106,86,38,4
233,Deokcheon,2023.12.31,alighting,69,0,0,0,29,48,45,94,195,255,364,425,370,439,420,389,300,308,231,158,146,130,99,24
234,Sujeong,2023.12.31,boarding,2,3,0,1,40,55,73,123,230,241,250,283,282,276,274,258,225,166,130,111,98,86,39,3
234,Sujeong,2023.12.31,alighting,51,5,0,0,20,62,34,65,84,123,137,182,203,220,237,299,295,232,163,177,144,145,89,47
235,Hwamyeong,2023.12.31,boarding,1,0,0,1,63,90,128,190,281,344,443,460,477,526,509,534,408,433,332,285,330,270,106,19
235,Hwamyeong,2023.12.31,alighting,106,10,0,0,11,107,89,130,250,308,287,384,358,351,498,550,632,583,368,308,274,262,144,73
236,Yulli,2023.12.31,boarding,3,0,0,1,47,56,84,147,215,262,232,377,269,267,237,179,174,134,104,108,76,58,18,24
236,Yulli,2023.12.31,alighting,42,5,0,0,5,62,43,107,111,197,138,156,136,168,200,245,220,221,153,137,146,154,64,22
237,Dongwon,2023.12.31,boarding,2,0,0,1,25,24,31,66,82,100,103,103,113,71,81,79,55,30,19,21,25,11,5,3
237,Dongwon,2023.12.31,alighting,11,7,0,0,1,23,14,19,22,35,42,43,65,64,70,98,78,77,36,34,33,44,13,9
238,Geumgok,2023.12.31,boarding,3,0,0,4,19,42,46,78,112,127,140,134,124,130,140,164,94,63,57,35,27,31,15,6
238,Geumgok,2023.12.31,alighting,4,3,0,0,3,45,26,42,64,71,68,87,92,92,102,122,98,88,74,70,51,57,31,17
239,Hopo,2023.12.31,boarding,1,1,0,0,3,6,15,22,31,21,32,47,86,95,141,124,93,72,38,49,41,26,2,1
239,Hopo,2023.12.31,alighting,3,1,0,0,1,22,35,64,93,68,105,156,103,48,57,63,92,59,41,23,27,17,6,16
240,Jeungsan,2023.12.31,boarding,7,0,0,2,33,42,70,101,176,188,254,194,249,210,233,218,186,219,153,148,141,131,77,5
240,Jeungsan,2023.12.31,alighting,31,14,0,0,5,27,40,78,101,167,162,154,169,177,269,256,250,200,199,205,145,109,80,49
241,Pusan Nat\'l Univ. Yangsan Campus,2023.12.31,boarding,1,3,0,4,12,15,29,34,50,43,50,64,60,71,52,71,60,46,38,31,22,27,13,4
241,Pusan Nat\'l Univ. Yangsan Campus,2023.12.31,alighting,9,10,0,1,1,15,16,20,38,48,29,39,34,38,45,55,65,47,19,41,35,31,20,22
242,Namyangsan,2023.12.31,boarding,0,0,0,3,35,19,45,92,142,155,190,189,194,162,195,176,161,100,87,66,77,71,33,4
242,Namyangsan,2023.12.31,alighting,12,7,0,0,1,29,29,34,63,83,106,105,108,137,128,153,151,158,152,131,96,115,90,55
243,Yangsan,2023.12.31,boarding,0,0,0,14,42,56,86,165,257,281,326,319,371,380,394,371,297,244,220,204,154,125,41,50
243,Yangsan,2023.12.31,alighting,27,39,0,0,3,89,60,113,197,203,266,253,346,306,326,338,402,243,255,221,189,258,184,64
302,Mangmi,2023.12.31,boarding,11,0,0,0,51,88,83,155,216,271,250,259,255,227,238,178,198,161,115,74,65,95,57,6
302,Mangmi,2023.12.31,alighting,70,0,0,0,10,51,39,67,94,119,121,153,175,213,259,273,314,233,182,128,126,101,55,22
303,Baesan,2023.12.31,boarding,4,0,0,1,77,77,104,126,221,268,217,233,219,172,153,177,157,114,83,62,74,51,17,3
303,Baesan,2023.12.31,alighting,68,0,0,0,6,41,39,42,82,109,91,138,136,190,245,294,264,240,182,172,131,121,70,29
304,Mulmangol,2023.12.31,boarding,1,0,0,1,40,37,62,91,191,176,184,211,183,177,183,168,124,134,60,61,74,47,30,7
304,Mulmangol,2023.12.31,alighting,110,0,0,0,7,23,37,65,81,137,125,136,119,169,181,219,164,158,186,122,113,95,57,12
305,Yeonsan,2023.12.31,boarding,17,0,0,2,81,79,110,206,304,306,338,374,376,390,459,478,469,522,310,275,338,367,166,29
305,Yeonsan,2023.12.31,alighting,596,3,0,1,28,50,80,119,244,291,282,350,328,259,316,397,399,385,327,245,269,181,186,73
306,Geoje,2023.12.31,boarding,1,0,0,0,35,48,46,93,119,171,183,270,247,182,232,275,215,235,164,125,152,100,45,12
306,Geoje,2023.12.31,alighting,61,0,0,0,10,51,54,113,144,264,306,192,244,173,235,241,246,176,117,108,89,77,49,11
307,Sports Complex,2023.12.31,boarding,7,0,0,0,42,55,102,120,162,242,270,256,244,303,341,464,361,208,153,143,155,182,50,5
307,Sports Complex,2023.12.31,alighting,110,1,0,0,54,80,46,134,225,173,212,261,319,219,292,270,255,223,218,190,127,98,67,37
308,Sajik,2023.12.31,boarding,5,0,0,1,50,78,114,157,218,289,336,416,316,342,296,342,290,237,223,167,230,189,69,12
308,Sajik,2023.12.31,alighting,200,8,0,0,19,50,45,106,180,209,189,224,214,247,259,343,354,309,201,189,212,187,126,52
309,Minam,2023.12.31,boarding,11,0,0,0,106,128,162,270,422,414,455,518,486,451,431,436,432,343,240,202,200,205,93,12
309,Minam,2023.12.31,alighting,120,51,0,0,33,77,71,135,172,215,224,266,351,335,419,446,502,479,345,338,312,209,167,46
310,Mandeok,2023.12.31,boarding,5,1,0,0,60,72,109,155,283,287,305,335,340,307,261,273,239,175,152,110,106,89,40,8
310,Mandeok,2023.12.31,alighting,70,15,0,0,16,45,40,80,105,143,152,190,186,255,271,372,341,306,248,203,256,158,127,52
311,Namsanjeong,2023.12.31,boarding,2,1,0,4,82,101,109,191,276,301,313,332,318,297,233,244,158,132,112,85,87,76,27,4
311,Namsanjeong,2023.12.31,alighting,42,11,0,0,12,32,35,45,94,115,128,159,130,183,193,267,233,185,142,133,116,66,69,23
312,Sukdeung,2023.12.31,boarding,2,1,0,0,34,36,64,120,151,180,173,161,163,153,168,149,142,108,113,67,77,61,13,5
312,Sukdeung,2023.12.31,alighting,32,3,0,0,9,47,36,72,89,118,118,118,137,125,153,152,129,124,101,96,83,78,43,13
313,Deokcheon,2023.12.31,boarding,24,0,0,3,85,91,121,188,326,416,444,518,623,700,754,776,647,484,398,306,261,269,137,32
313,Deokcheon,2023.12.31,alighting,113,16,0,0,20,90,91,177,285,391,465,586,563,607,596,572,530,454,328,258,231,161,138,48
314,Gupo,2023.12.31,boarding,0,1,0,0,17,24,26,77,140,121,182,202,194,69,258,243,195,174,89,188,155,35,54,6
314,Gupo,2023.12.31,alighting,17,23,0,0,25,57,96,124,187,164,124,175,183,198,191,173,154,192,136,103,85,39,41,8
315,Gangseo-gu Office,2023.12.31,boarding,0,2,0,0,7,14,8,35,55,47,65,100,93,101,87,164,139,77,22,28,23,14,10,4
315,Gangseo-gu Office,2023.12.31,alighting,8,11,0,0,12,38,79,66,74,79,64,144,98,59,64,51,46,30,27,19,16,25,13,8
316,Sports Park,2023.12.31,boarding,0,0,0,0,3,1,39,25,27,54,47,36,29,35,77,73,53,14,12,14,3,8,0,2
316,Sports Park,2023.12.31,alighting,3,4,0,0,46,16,15,57,42,37,20,35,72,52,33,18,13,11,16,4,12,7,3,1
317,Daejeo,2023.12.31,boarding,0,0,0,0,41,67,113,181,219,320,302,362,402,344,424,452,458,463,249,254,290,155,38,6
317,Daejeo,2023.12.31,alighting,26,29,0,0,74,113,104,186,337,288,340,320,279,298,333,387,345,230,234,198,191,142,92,15
402,Dongnae,2023.12.31,boarding,1,0,0,1,21,26,16,28,35,60,73,73,78,107,88,118,99,70,70,42,56,36,32,11
402,Dongnae,2023.12.31,alighting,4,0,0,0,18,30,47,43,77,73,127,111,80,92,83,122,119,114,82,64,56,47,30,8
403,Suan,2023.12.31,boarding,2,0,0,1,23,21,37,37,70,54,83,152,151,148,220,211,212,150,122,73,65,31,26,10
403,Suan,2023.12.31,alighting,7,0,0,0,21,24,31,52,103,110,153,199,206,219,164,184,136,109,62,37,35,31,18,2
404,Nangmin,2023.12.31,boarding,2,0,0,0,20,16,28,62,58,65,77,72,75,78,63,77,51,45,43,18,15,18,7,5
404,Nangmin,2023.12.31,alighting,14,0,0,0,9,24,15,30,32,57,50,81,54,82,82,78,72,57,31,35,31,28,18,5
405,Chungnyeolsa,2023.12.31,boarding,10,0,0,0,35,29,37,63,107,115,113,144,166,188,133,143,114,112,87,71,50,41,29,5
405,Chungnyeolsa,2023.12.31,alighting,13,0,0,0,15,37,27,37,80,131,101,134,134,162,186,207,206,132,90,82,60,57,49,7
406,Myeongjang,2023.12.31,boarding,2,0,0,0,51,41,52,100,129,152,158,180,184,168,109,120,86,89,49,55,37,65,23,4
406,Myeongjang,2023.12.31,alighting,14,0,0,2,8,25,30,45,73,73,87,110,131,133,145,201,196,150,102,91,62,46,38,22
407,Seo-dong,2023.12.31,boarding,2,0,0,0,35,46,33,62,88,113,120,144,98,113,91,91,91,71,38,35,39,38,21,7
407,Seo-dong,2023.12.31,alighting,1,4,0,0,5,24,30,37,53,82,56,64,98,116,124,168,142,93,70,66,41,37,19,11
408,Geumsa,2023.12.31,boarding,3,0,0,2,14,8,25,32,48,48,50,72,73,59,63,61,53,37,24,22,10,8,11,0
408,Geumsa,2023.12.31,alighting,9,1,0,1,6,15,22,46,33,45,34,35,49,49,41,46,42,60,47,29,20,22,19,1
409,Banyeo Agricultural Market,2023.12.31,boarding,4,0,0,3,11,10,20,44,47,57,83,77,66,79,154,70,69,43,22,27,16,12,10,7
409,Banyeo Agricultural Market,2023.12.31,alighting,2,1,0,3,11,12,43,51,39,56,68,89,96,72,69,51,54,43,34,21,16,7,7,8
410,Seokdae,2023.12.31,boarding,0,0,0,0,1,5,3,7,7,14,9,13,7,2,21,11,5,4,1,0,0,3,0,0
410,Seokdae,2023.12.31,alighting,0,0,0,0,1,1,0,4,8,0,6,4,6,9,8,5,0,2,2,0,0,1,1,0
411,Youngsan Univ.,2023.12.31,boarding,2,1,0,4,28,43,44,87,109,152,140,179,143,124,134,141,128,79,63,53,43,43,21,2
411,Youngsan Univ.,2023.12.31,alighting,11,7,0,0,7,27,23,43,59,83,89,55,130,104,120,140,121,123,98,79,52,70,75,20
412,Witbansong,2023.12.31,boarding,2,0,0,7,26,33,64,91,153,113,144,160,168,132,130,136,114,99,75,55,35,22,19,7
412,Witbansong,2023.12.31,alighting,12,3,0,1,6,31,33,42,54,94,84,91,116,114,133,156,171,108,94,83,67,48,52,24
413,Gochon,2023.12.31,boarding,1,3,1,2,4,9,17,25,34,41,26,38,33,25,54,32,20,15,19,9,10,11,3,0
413,Gochon,2023.12.31,alighting,0,1,1,3,1,12,14,15,19,22,15,20,27,29,33,37,20,17,18,9,8,13,4,1
414,Anpyeong,2023.12.31,boarding,0,0,0,3,21,29,33,56,96,107,116,92,105,111,112,103,84,79,63,28,30,27,6,1
414,Anpyeong,2023.12.31,alighting,5,3,0,1,4,33,25,49,56,63,93,62,100,76,98,114,103,108,54,42,37,26,37,16
95,Dadaepo Beach,2024.1.1,boarding,0,0,0,12,39,55,464,3352,659,338,298,316,346,409,585,537,468,266,162,84,111,70,16,0
95,Dadaepo Beach,2024.1.1,alighting,0,4,0,1,83,2068,2606,100,141,186,291,341,447,439,363,369,303,192,127,92,97,54,42,31
96,Dadaepo Harbor,2024.1.1,boarding,0,0,0,1,37,130,77,209,169,140,157,180,209,181,191,169,136,108,99,65,43,33,6,1
96,Dadaepo Harbor,2024.1.1,alighting,0,0,0,0,23,112,49,158,76,84,160,148,183,170,201,200,178,120,105,71,70,58,45,21
97,Natgae,2024.1.1,boarding,0,0,0,3,72,301,200,211,176,185,231,254,244,231,218,204,163,118,71,89,54,47,14,3
97,Natgae,2024.1.1,alighting,0,0,0,0,15,202,83,302,115,114,142,139,141,218,244,293,256,226,176,158,159,112,68,29
98,Sinjangnim,2024.1.1,boarding,0,0,0,6,60,306,128,71,107,112,179,141,159,145,114,94,83,72,43,29,25,19,6,1
98,Sinjangnim,2024.1.1,alighting,0,0,0,2,7,36,28,348,86,73,70,85,91,102,194,153,129,120,113,76,67,59,44,13
99,Jangnim,2024.1.1,boarding,0,0,0,1,53,261,90,57,73,111,166,149,177,157,141,130,151,107,76,57,46,28,10,1
99,Jangnim,2024.1.1,alighting,0,0,0,1,5,79,53,318,110,69,91,104,110,149,166,188,160,105,73,75,71,52,32,16
100,Dongmae,2024.1.1,boarding,0,0,0,3,86,335,111,71,123,126,171,167,201,143,166,138,122,84,64,41,28,27,6,3
100,Dongmae,2024.1.1,alighting,0,0,0,0,10,55,40,288,112,76,72,93,117,144,158,179,182,120,117,84,61,75,27,16
101,Sinpyeong,2024.1.1,boarding,0,0,0,17,97,460,198,128,186,218,249,252,276,238,203,262,199,197,126,60,57,35,16,4
101,Sinpyeong,2024.1.1,alighting,0,1,0,1,13,98,131,574,168,144,179,169,158,224,287,312,337,256,177,157,130,139,86,40
102,Hadan,2024.1.1,boarding,0,0,0,27,229,1041,322,277,390,482,700,792,952,913,903,835,760,679,559,447,385,288,89,17
102,Hadan,2024.1.1,alighting,0,0,0,1,22,304,258,1066,704,461,530,550,648,675,882,918,938,823,701,546,476,408,225,57
103,Dangni,2024.1.1,boarding,0,0,0,7,103,385,97,121,180,200,209,286,238,249,193,181,161,136,99,82,70,51,17,3
103,Dangni,2024.1.1,alighting,0,0,0,0,14,74,64,351,137,142,166,155,190,200,247,296,292,270,184,163,115,130,57,22
104,Saha,2024.1.1,boarding,0,0,0,7,57,300,88,114,139,163,175,215,248,201,190,148,182,116,43,60,38,17,9,2
104,Saha,2024.1.1,alighting,0,0,0,0,11,43,42,173,155,70,100,103,125,131,237,199,191,167,152,108,92,79,61,20
105,Goejeong,2024.1.1,boarding,0,0,0,20,100,315,132,193,267,285,435,430,457,427,414,345,355,267,169,130,115,74,36,4
105,Goejeong,2024.1.1,alighting,0,0,0,0,26,118,87,296,264,218,271,330,370,358,473,520,447,419,308,218,143,150,93,37
106,Daeti,2024.1.1,boarding,0,0,0,8,59,150,68,82,124,149,177,169,171,177,119,175,127,77,61,45,26,26,13,4
106,Daeti,2024.1.1,alighting,0,0,0,5,7,52,31,102,99,68,86,84,111,131,205,170,176,161,102,109,108,61,34,14
107,Seodaesin,2024.1.1,boarding,0,0,0,5,41,94,49,94,83,109,135,157,166,151,172,132,147,90,47,33,36,34,10,1
107,Seodaesin,2024.1.1,alighting,0,0,0,2,18,59,65,121,113,112,110,88,153,128,133,131,140,126,88,75,74,66,32,17
108,Dongdaesin,2024.1.1,boarding,0,0,0,1,93,176,103,143,151,189,263,301,276,284,278,259,241,187,122,101,64,57,38,3
108,Dongdaesin,2024.1.1,alighting,0,0,0,0,17,85,52,116,162,158,129,145,176,198,246,243,266,227,153,161,115,114,90,22
109,Toseong,2024.1.1,boarding,0,0,0,1,81,112,115,158,167,184,224,293,309,315,317,280,298,214,123,82,66,78,47,2
109,Toseong,2024.1.1,alighting,0,0,0,1,58,94,93,141,164,262,214,260,279,256,252,215,204,191,145,119,155,159,118,21
110,Jagalchi,2024.1.1,boarding,0,0,0,4,109,162,109,353,400,442,637,751,1188,1554,1874,1875,1491,1260,1090,792,474,346,175,14
110,Jagalchi,2024.1.1,alighting,0,0,0,0,116,233,230,400,531,865,1478,1960,1887,1602,1345,1061,955,602,401,259,184,129,65,22
111,Nampo,2024.1.1,boarding,0,0,0,2,113,113,131,281,396,497,645,802,1004,1167,1344,1409,1302,1195,865,772,555,304,109,5
111,Nampo,2024.1.1,alighting,0,0,0,0,128,296,202,299,446,748,1180,1444,1511,1520,1440,1118,977,805,469,370,254,213,119,32
112,Jungang,2024.1.1,boarding,0,0,0,0,63,63,72,154,127,183,240,209,242,261,314,299,292,255,137,118,104,67,40,2
112,Jungang,2024.1.1,alighting,0,0,0,0,28,74,76,122,133,170,258,295,265,290,246,203,197,180,120,124,83,60,48,8
113,Busan Station,2024.1.1,boarding,0,0,0,5,167,186,150,487,571,995,1329,1329,1629,1198,1609,1705,1653,1337,1203,1074,1087,896,327,7
113,Busan Station,2024.1.1,alighting,0,0,0,0,238,531,648,884,1098,939,1283,1720,1672,1603,1694,1836,1600,1700,1617,1359,1018,319,143,15
114,Choryang,2024.1.1,boarding,0,0,0,1,49,75,64,104,155,148,196,201,242,196,193,184,172,146,111,66,53,32,33,2
114,Choryang,2024.1.1,alighting,0,0,0,0,38,67,62,114,124,137,132,143,158,145,157,173,202,177,171,116,119,86,62,6
115,Busanjin,2024.1.1,boarding,0,0,0,0,84,97,92,158,158,205,285,288,278,226,174,243,195,141,105,82,89,58,32,1
115,Busanjin,2024.1.1,alighting,0,0,0,0,24,71,60,107,120,129,167,147,219,229,233,233,232,250,167,140,98,67,54,5
116,Jwacheon,2024.1.1,boarding,0,0,0,0,66,87,82,105,112,142,165,199,190,139,143,119,123,103,63,51,29,23,9,0
116,Jwacheon,2024.1.1,alighting,0,0,0,1,26,51,44,83,58,89,96,89,113,125,142,142,135,135,102,111,70,68,46,7
117,Beomil,2024.1.1,boarding,0,0,0,3,101,122,96,158,236,316,369,413,493,449,431,319,320,290,214,166,125,93,51,1
117,Beomil,2024.1.1,alighting,0,0,0,1,58,92,92,194,221,258,353,430,443,455,428,471,397,307,201,171,102,97,60,10
118,Beomnaegol,2024.1.1,boarding,0,0,0,7,108,159,133,173,205,235,334,339,285,262,255,263,273,216,161,120,93,68,26,1
118,Beomnaegol,2024.1.1,alighting,0,0,0,4,36,95,60,153,166,160,188,195,219,239,258,285,296,243,257,209,200,149,101,12
119,Seomyeon,2024.1.1,boarding,0,0,0,15,1070,930,531,435,589,715,990,1203,1401,1730,1973,2155,2049,1829,1500,1330,1267,998,750,1
119,Seomyeon,2024.1.1,alighting,0,0,0,3,189,236,251,597,1000,1204,1891,2508,2495,2423,2267,2012,1825,1638,1129,802,644,468,234,73
120,Bujeon,2024.1.1,boarding,0,0,0,0,143,274,171,239,391,379,574,736,806,843,1093,995,772,543,316,234,194,117,72,2
120,Bujeon,2024.1.1,alighting,0,0,0,0,109,130,146,277,453,552,787,1038,1187,1029,751,724,537,434,271,297,226,200,85,9
121,Yangjeong,2024.1.1,boarding,0,0,0,0,163,277,130,214,253,281,311,422,435,381,312,329,371,266,242,156,135,104,61,2
121,Yangjeong,2024.1.1,alighting,0,0,0,0,95,105,100,178,288,256,252,311,310,329,396,417,499,348,341,298,232,200,118,17
122,City Hall,2024.1.1,boarding,0,0,0,0,141,301,166,255,310,366,473,465,505,454,436,509,371,341,264,227,171,115,65,2
122,City Hall,2024.1.1,alighting,0,0,0,0,65,133,105,279,271,237,256,340,377,408,492,506,525,446,373,316,312,256,123,11
123,Yeonsan,2024.1.1,boarding,0,0,0,3,199,222,188,310,371,479,553,631,652,601,652,584,492,489,329,296,244,175,112,5
123,Yeonsan,2024.1.1,alighting,0,0,0,0,91,172,152,213,309,371,432,513,537,554,616,750,736,589,536,427,406,300,218,13
124,Busan Nat\'l Univ. of Edu.,2024.1.1,boarding,0,0,0,5,113,226,194,293,409,517,536,576,632,492,582,594,553,527,419,251,245,86,80,4
124,Busan Nat\'l Univ. of Edu.,2024.1.1,alighting,0,0,0,3,237,244,131,215,353,354,392,422,457,475,597,588,581,512,365,376,291,192,136,16
125,Dongnae,2024.1.1,boarding,0,0,0,6,224,293,214,292,430,481,594,634,702,802,804,729,836,685,569,485,460,318,198,16
125,Dongnae,2024.1.1,alighting,0,0,0,1,86,266,196,343,443,429,550,639,709,818,816,954,942,825,637,615,458,324,214,32
126,Myeongnyun,2024.1.1,boarding,0,0,0,5,157,237,147,177,228,234,356,359,437,355,399,456,389,332,217,170,146,130,39,2
126,Myeongnyun,2024.1.1,alighting,0,0,0,2,47,129,86,201,291,243,294,297,323,393,402,539,400,387,322,263,256,200,147,11
127,Oncheonjang,2024.1.1,boarding,0,0,0,13,275,295,227,304,399,462,572,673,720,785,778,748,643,615,399,307,214,136,61,8
127,Oncheonjang,2024.1.1,alighting,0,0,0,3,115,257,192,362,500,560,506,563,630,719,703,761,696,585,455,381,378,270,162,38
128,Pusan Nat\'l Univ.,2024.1.1,boarding,0,0,0,5,241,263,145,182,249,280,355,452,528,574,572,721,735,649,523,517,457,322,185,15
128,Pusan Nat\'l Univ.,2024.1.1,alighting,0,0,0,0,70,140,113,193,415,364,467,590,659,706,771,790,832,634,522,430,309,308,168,44
129,Jangjeon,2024.1.1,boarding,0,0,0,4,235,262,150,192,285,305,396,486,487,468,375,457,435,308,223,192,140,110,58,5
129,Jangjeon,2024.1.1,alighting,0,0,0,0,85,151,140,218,384,329,317,276,347,365,439,488,482,447,432,429,367,414,237,55
130,Guseo,2024.1.1,boarding,0,0,0,3,147,157,158,175,180,273,374,333,395,390,439,359,379,342,218,196,160,92,42,9
130,Guseo,2024.1.1,alighting,0,0,0,0,4,146,88,148,290,282,249,293,329,334,329,386,416,398,258,261,192,158,98,23
131,Dusil,2024.1.1,boarding,0,0,0,8,127,154,134,160,194,198,290,314,349,282,242,250,209,172,111,101,63,59,32,3
131,Dusil,2024.1.1,alighting,0,0,0,1,5,101,88,109,177,174,133,147,183,173,217,237,285,274,170,178,154,145,83,31
132,Namsan,2024.1.1,boarding,0,0,0,4,99,79,79,104,173,199,210,264,232,241,206,231,231,162,128,78,98,56,35,2
132,Namsan,2024.1.1,alighting,0,0,0,0,3,110,49,82,101,116,101,153,144,190,193,263,228,202,185,179,183,134,89,41
133,Beomeosa,2024.1.1,boarding,0,0,0,4,91,114,109,182,317,336,392,514,546,587,570,503,391,264,117,94,68,44,14,1
133,Beomeosa,2024.1.1,alighting,0,0,0,0,0,194,99,171,398,505,455,359,374,275,310,252,239,247,161,161,130,106,82,33
134,Nopo,2024.1.1,boarding,0,0,0,18,76,73,110,173,266,442,541,656,735,846,859,786,748,730,641,468,431,381,91,0
134,Nopo,2024.1.1,alighting,0,0,0,2,4,297,369,383,622,766,792,712,902,917,887,860,700,672,441,299,301,190,139,52
201,Jangsan,2024.1.1,boarding,0,0,0,8,147,459,413,319,347,341,495,504,585,636,647,712,848,766,441,426,389,242,100,0
201,Jangsan,2024.1.1,alighting,0,0,0,0,1,458,224,617,440,452,378,511,484,607,614,572,552,519,417,550,379,277,141,86
202,Jung-dong,2024.1.1,boarding,0,0,0,2,44,129,116,318,242,270,309,325,394,386,428,462,474,484,194,198,170,106,48,3
202,Jung-dong,2024.1.1,alighting,0,0,0,0,1,312,137,261,235,315,316,263,353,341,369,316,313,236,204,271,145,129,76,22
203,Haeundae,2024.1.1,boarding,0,0,0,61,200,162,292,4422,1346,925,1141,1067,1059,1115,1315,1230,1231,1323,844,758,621,450,166,4
203,Haeundae,2024.1.1,alighting,0,0,0,1,38,4102,3211,455,468,557,900,1042,1140,1045,954,957,854,680,556,763,361,261,142,24
204,Dongbaek,2024.1.1,boarding,0,0,0,4,39,86,99,533,314,264,262,328,291,337,338,325,369,342,152,148,139,90,30,2
204,Dongbaek,2024.1.1,alighting,0,0,0,0,12,692,402,186,205,189,221,255,234,294,263,308,319,305,197,231,172,136,79,16
205,BEXCO(Busan Museum of Art),2024.1.1,boarding,0,0,0,0,55,754,454,180,333,281,412,401,445,457,437,452,648,532,304,266,125,103,34,2
205,BEXCO(Busan Museum of Art),2024.1.1,alighting,0,0,0,0,36,328,162,680,299,298,317,369,387,310,420,379,399,349,331,404,261,183,86,12
206,Centum City,2024.1.1,boarding,0,0,0,1,61,586,239,134,208,288,449,514,557,705,664,693,795,763,449,361,301,291,76,4
206,Centum City,2024.1.1,alighting,0,0,0,0,5,172,166,809,492,389,501,499,660,585,640,575,447,385,314,323,170,123,60,21
207,Millak,2024.1.1,boarding,0,0,0,0,42,190,77,102,135,122,130,154,171,131,125,169,135,173,63,63,57,34,17,1
207,Millak,2024.1.1,alighting,0,0,0,0,7,84,51,105,88,75,87,113,114,127,121,183,190,132,108,102,79,70,27,11
208,Suyeong,2024.1.1,boarding,0,1,0,21,423,539,342,488,553,496,496,588,574,556,508,504,489,482,376,463,325,204,136,6
208,Suyeong,2024.1.1,alighting,0,1,0,2,44,247,130,457,277,260,374,385,445,502,616,630,630,608,478,378,387,302,181,50
209,Gwangan,2024.1.1,boarding,0,3,0,184,728,289,294,3658,871,492,567,613,642,571,639,647,606,490,1994,1484,744,382,170,15
209,Gwangan,2024.1.1,alighting,0,6,0,3,58,3168,1551,241,210,277,439,654,706,755,859,1009,1617,3265,580,342,266,174,108,51
210,Geumnyeonsan,2024.1.1,boarding,0,0,0,83,316,126,207,1874,497,300,377,348,441,366,441,357,303,243,774,570,373,185,114,0
210,Geumnyeonsan,2024.1.1,alighting,0,0,0,1,164,1186,964,128,181,190,258,282,343,377,396,420,622,950,260,181,135,99,68,21
211,Namcheon,2024.1.1,boarding,0,0,0,13,135,114,84,303,195,166,211,234,217,229,237,219,258,218,140,163,143,87,42,2
211,Namcheon,2024.1.1,alighting,0,0,0,1,61,353,114,150,136,171,163,183,191,234,220,255,236,239,139,132,112,91,59,13
212,Kyungsung Univ·Pukyong Nat\'l Univ.,2024.1.1,boarding,0,1,0,10,391,557,223,340,428,404,340,427,439,477,568,605,690,684,379,326,269,267,167,9
212,Kyungsung Univ·Pukyong Nat\'l Univ.,2024.1.1,alighting,0,0,1,0,134,278,131,472,276,276,340,407,405,539,535,693,628,640,574,513,484,442,235,59
213,Daeyeon,2024.1.1,boarding,0,0,0,0,155,439,205,230,349,341,425,446,414,412,310,361,380,347,187,162,146,92,39,2
213,Daeyeon,2024.1.1,alighting,0,0,0,0,54,125,104,435,209,224,227,262,293,312,421,391,450,378,351,357,280,257,174,15
214,Motgol,2024.1.1,boarding,0,0,0,0,63,210,93,91,134,124,188,198,169,140,158,159,177,134,65,58,40,17,21,2
214,Motgol,2024.1.1,alighting,0,0,0,0,24,93,44,153,123,72,117,118,119,163,207,198,203,176,151,155,119,83,46,7
215,Jigegol,2024.1.1,boarding,0,0,0,1,52,83,53,78,76,87,87,97,100,90,88,97,94,62,44,34,25,11,8,0
215,Jigegol,2024.1.1,alighting,0,0,0,0,13,30,32,65,86,61,56,72,82,91,123,122,138,113,70,92,42,41,22,3
216,Munhyeon,2024.1.1,boarding,0,0,0,2,93,285,79,85,128,145,164,217,180,157,142,178,170,181,85,71,58,48,5,1
216,Munhyeon,2024.1.1,alighting,0,0,0,0,38,65,61,241,133,83,105,116,143,139,148,188,150,195,92,160,118,81,69,12
217,Busan Intn'l Finance Center·Busan Bank,2024.1.1,boarding,1,0,0,0,53,134,46,68,91,101,131,123,151,127,116,153,146,112,62,53,40,41,14,4
217,Busan Intn'l Finance Center·Busan Bank,2024.1.1,alighting,0,0,0,0,18,34,49,137,95,76,107,94,149,111,149,107,150,133,90,121,91,61,42,9
218,Jeonpo,2024.1.1,boarding,0,2,0,2,180,444,127,152,137,171,184,206,286,348,444,426,506,448,325,316,234,214,145,3
218,Jeonpo,2024.1.1,alighting,0,0,2,0,72,65,51,252,276,263,393,522,594,554,543,607,547,519,346,302,256,178,92,29
219,Seomyeon,2024.1.1,boarding,5,0,0,16,1123,1287,483,295,377,511,648,985,1075,1219,1428,1572,1400,1295,997,876,750,611,439,3
219,Seomyeon,2024.1.1,alighting,0,0,0,0,165,179,160,867,986,768,1034,1255,1341,1451,1234,1180,1052,1015,653,748,418,316,174,65
220,Buam,2024.1.1,boarding,0,0,0,1,139,323,98,120,162,165,194,182,185,173,194,217,210,202,113,88,65,53,24,1
220,Buam,2024.1.1,alighting,0,0,0,1,47,81,67,189,128,115,126,128,155,154,185,207,234,210,141,165,156,104,56,15
221,Gaya,2024.1.1,boarding,0,0,0,1,105,171,88,121,147,122,172,185,181,148,115,118,103,88,85,48,39,15,11,1
221,Gaya,2024.1.1,alighting,0,0,0,0,19,41,47,107,101,77,83,85,120,112,161,206,205,170,133,81,88,54,35,10
222,Dongeui Univ.,2024.1.1,boarding,0,0,0,0,169,286,77,117,147,168,220,218,202,209,193,170,197,145,74,89,53,40,26,1
222,Dongeui Univ.,2024.1.1,alighting,0,0,0,0,47,61,51,116,182,130,121,141,133,199,180,247,178,217,147,139,151,91,84,8
223,Gaegeum,2024.1.1,boarding,0,0,0,1,209,317,111,165,207,241,397,291,319,273,250,304,271,214,129,96,88,45,28,6
223,Gaegeum,2024.1.1,alighting,0,0,0,1,73,106,73,256,234,186,182,190,251,270,310,378,338,309,194,228,207,156,94,24
224,Naengjeong,2024.1.1,boarding,0,0,0,2,126,175,70,97,121,166,186,164,178,214,179,234,203,150,77,76,55,43,24,4
224,Naengjeong,2024.1.1,alighting,0,0,0,0,84,73,59,110,169,85,98,95,136,112,195,181,166,175,117,163,130,115,129,20
225,Jurye,2024.1.1,boarding,1,0,0,0,174,241,102,110,186,215,256,251,269,233,231,195,215,181,101,64,54,37,21,3
225,Jurye,2024.1.1,alighting,0,0,0,0,37,107,68,145,154,129,152,136,164,161,241,286,257,201,167,162,145,120,67,26
226,Gamjeon,2024.1.1,boarding,0,0,0,0,45,56,42,61,95,163,113,146,110,213,111,129,87,65,45,36,33,13,2,3
226,Gamjeon,2024.1.1,alighting,0,0,0,0,26,97,54,119,127,93,102,109,76,67,105,112,100,92,60,53,44,24,16,10
227,Sasang,2024.1.1,boarding,0,0,0,2,284,334,217,302,514,686,965,1055,1217,1198,1286,1396,1376,1123,955,892,810,376,192,12
227,Sasang,2024.1.1,alighting,0,0,0,0,447,603,551,801,1035,805,1001,1276,1379,1492,1306,1369,1314,1146,904,936,583,458,189,63
228,Deokpo,2024.1.1,boarding,0,0,0,0,121,109,46,94,109,107,141,137,146,143,175,172,156,94,76,55,31,22,16,2
228,Deokpo,2024.1.1,alighting,0,0,0,0,20,46,43,74,111,93,119,137,146,126,157,161,149,112,96,101,62,55,49,18
229,Modeok,2024.1.1,boarding,0,0,0,0,25,20,13,15,20,22,29,54,29,54,34,30,46,19,18,7,7,1,2,1
229,Modeok,2024.1.1,alighting,0,0,0,0,6,18,33,15,29,27,18,29,22,33,32,24,25,12,17,10,13,7,10,6
230,Mora,2024.1.1,boarding,0,0,0,4,161,107,69,92,127,183,184,222,208,204,162,157,148,98,63,55,51,25,10,1
230,Mora,2024.1.1,alighting,0,0,0,0,12,51,63,62,196,102,121,112,125,172,190,202,175,156,95,80,97,64,29,14
231,Gunam,2024.1.1,boarding,0,0,0,5,128,110,50,92,137,139,182,160,155,173,157,134,160,98,63,77,47,27,22,1
231,Gunam,2024.1.1,alighting,0,0,0,2,24,57,54,70,110,96,126,136,94,147,173,235,180,192,105,126,120,95,55,11
232,Gumyeong,2024.1.1,boarding,0,0,0,3,95,65,49,85,122,115,170,143,128,136,109,98,103,104,53,48,30,14,8,2
232,Gumyeong,2024.1.1,alighting,0,0,0,0,15,56,26,50,97,70,81,80,84,82,126,114,123,103,69,68,75,63,34,7
233,Deokcheon,2024.1.1,boarding,0,0,0,2,50,69,44,50,84,157,181,234,257,267,275,239,231,200,127,95,93,52,32,4
233,Deokcheon,2024.1.1,alighting,0,0,0,0,44,84,61,123,225,194,244,389,291,326,270,279,247,205,116,101,100,74,46,8
234,Sujeong,2024.1.1,boarding,0,0,0,2,180,148,66,108,152,158,205,200,179,198,200,175,195,130,111,76,63,53,18,2
234,Sujeong,2024.1.1,alighting,0,2,0,0,30,68,42,96,191,126,142,125,159,189,249,243,266,187,144,161,126,92,72,28
235,Hwamyeong,2024.1.1,boarding,0,0,0,7,274,163,134,178,203,216,322,315,395,391,389,395,367,304,231,201,191,115,66,6
235,Hwamyeong,2024.1.1,alighting,0,0,0,1,19,165,102,146,344,343,282,293,351,378,407,420,386,389,260,296,196,182,108,31
236,Yulli,2024.1.1,boarding,0,0,0,5,126,77,71,105,137,164,161,173,189,167,171,139,119,74,76,55,32,19,12,0
236,Yulli,2024.1.1,alighting,0,0,0,2,5,66,36,41,105,113,99,93,111,168,173,173,168,139,109,114,142,83,49,21
237,Dongwon,2024.1.1,boarding,0,0,0,5,38,31,24,45,53,57,80,72,77,74,57,58,57,39,17,12,8,3,9,1
237,Dongwon,2024.1.1,alighting,0,0,0,0,0,18,12,14,29,23,33,43,40,60,79,86,75,57,67,37,24,16,17,3
238,Geumgok,2024.1.1,boarding,0,0,0,6,80,56,45,57,95,97,111,127,110,114,110,88,78,56,33,37,22,15,9,3
238,Geumgok,2024.1.1,alighting,0,0,0,0,1,43,18,43,57,51,61,77,78,72,93,97,112,63,48,71,46,33,26,14
239,Hopo,2024.1.1,boarding,0,0,0,2,4,4,16,27,26,28,34,36,57,68,133,108,82,85,47,37,26,13,1,2
239,Hopo,2024.1.1,alighting,0,0,0,1,1,21,47,56,50,55,121,111,104,63,52,74,66,53,26,22,22,24,6,10
240,Jeungsan,2024.1.1,boarding,0,0,0,7,130,61,78,68,99,138,155,158,159,175,146,180,170,132,91,120,71,58,28,4
240,Jeungsan,2024.1.1,alighting,0,0,0,1,14,74,57,72,158,152,154,128,136,149,214,240,216,194,130,135,115,74,51,24
241,Pusan Nat\'l Univ. Yangsan Campus,2024.1.1,boarding,0,0,0,5,36,23,22,31,28,37,55,33,39,35,45,65,43,32,32,26,10,10,8,3
241,Pusan Nat\'l Univ. Yangsan Campus,2024.1.1,alighting,0,1,0,0,2,14,18,9,37,45,40,33,32,32,44,55,52,52,40,35,16,26,13,10
242,Namyangsan,2024.1.1,boarding,0,3,0,18,149,56,68,58,85,102,161,144,146,147,141,170,118,88,78,71,50,32,10,0
242,Namyangsan,2024.1.1,alighting,0,8,0,0,5,56,45,37,144,103,103,107,113,116,140,179,161,169,138,108,83,90,52,26
243,Yangsan,2024.1.1,boarding,0,0,0,26,167,76,76,93,143,242,274,253,284,328,414,379,302,218,159,152,110,72,26,0
243,Yangsan,2024.1.1,alighting,0,7,0,0,8,95,103,140,264,264,258,258,290,338,348,275,286,198,257,180,152,136,81,48
302,Mangmi,2024.1.1,boarding,0,0,0,0,91,225,92,114,141,156,180,180,213,201,140,148,157,134,77,57,44,13,21,3
302,Mangmi,2024.1.1,alighting,0,0,0,0,14,59,42,138,78,84,94,112,120,170,225,221,194,180,134,137,106,59,39,19
303,Baesan,2024.1.1,boarding,0,0,0,2,81,163,69,115,159,161,224,199,184,175,139,116,123,83,42,48,31,15,9,0
303,Baesan,2024.1.1,alighting,0,0,0,0,19,73,42,113,86,97,95,120,157,152,216,220,247,196,150,131,105,87,47,13
304,Mulmangol,2024.1.1,boarding,0,0,0,0,74,165,70,90,155,131,143,138,151,126,131,108,123,99,47,47,34,15,6,1
304,Mulmangol,2024.1.1,alighting,0,0,0,0,25,50,44,129,134,88,94,96,115,141,156,185,158,166,105,111,89,78,36,5
305,Yeonsan,2024.1.1,boarding,0,0,0,3,162,492,139,153,176,208,239,269,309,361,371,347,334,261,214,178,164,123,73,4
305,Yeonsan,2024.1.1,alighting,0,1,0,1,57,98,80,396,313,176,234,281,274,257,270,314,324,246,189,245,157,102,99,19
306,Geoje,2024.1.1,boarding,0,0,0,0,56,137,56,82,135,170,141,193,158,165,207,189,237,214,123,117,89,68,14,2
306,Geoje,2024.1.1,alighting,0,0,0,0,98,109,47,159,151,187,175,151,197,162,162,162,172,159,127,95,60,72,34,11
307,Sports Complex,2024.1.1,boarding,0,0,0,0,95,324,73,108,134,134,141,166,215,247,182,206,220,200,94,72,70,58,33,6
307,Sports Complex,2024.1.1,alighting,0,0,0,0,30,74,63,211,234,149,149,161,183,162,209,235,193,197,156,160,112,69,51,15
308,Sajik,2024.1.1,boarding,0,0,0,2,181,442,129,130,153,152,188,307,255,268,228,257,242,168,98,81,82,68,37,5
308,Sajik,2024.1.1,alighting,0,0,0,1,29,81,62,259,336,183,145,189,175,177,200,297,305,225,214,178,161,116,73,25
309,Minam,2024.1.1,boarding,0,0,1,0,186,412,146,207,302,292,349,386,391,328,328,306,339,301,186,144,110,76,42,6
309,Minam,2024.1.1,alighting,0,0,1,0,53,114,96,259,290,225,214,279,300,302,359,400,440,369,225,356,211,192,111,26
310,Mandeok,2024.1.1,boarding,0,0,0,0,182,219,98,127,153,186,223,224,267,231,179,206,184,124,75,54,27,30,9,1
310,Mandeok,2024.1.1,alighting,0,0,0,0,24,90,58,149,210,136,156,175,132,233,241,303,278,225,214,190,171,103,90,27
311,Namsanjeong,2024.1.1,boarding,0,0,0,2,157,164,91,93,180,251,228,287,265,237,212,194,144,99,77,51,37,27,15,2
311,Namsanjeong,2024.1.1,alighting,0,0,0,0,24,32,40,57,109,105,137,144,132,190,198,257,217,156,128,106,103,76,50,13
312,Sukdeung,2024.1.1,boarding,0,0,0,1,70,97,60,87,108,129,146,124,142,157,144,139,150,94,95,57,50,25,15,2
312,Sukdeung,2024.1.1,alighting,0,0,0,0,7,67,33,72,141,92,116,107,112,139,145,131,145,113,97,75,74,45,35,7
313,Deokcheon,2024.1.1,boarding,0,0,0,5,230,187,101,157,214,302,365,426,444,548,598,613,485,358,277,213,169,151,85,13
313,Deokcheon,2024.1.1,alighting,0,0,0,3,41,102,102,185,329,356,416,492,488,436,528,472,398,328,220,195,159,128,74,24
314,Gupo,2024.1.1,boarding,0,0,0,4,25,54,33,57,110,113,135,178,145,80,306,296,226,148,162,262,129,128,55,3
314,Gupo,2024.1.1,alighting,0,0,0,1,41,84,98,132,179,198,141,156,211,188,204,164,179,211,157,139,78,28,10,3
315,Gangseo-gu Office,2024.1.1,boarding,0,0,0,1,11,24,22,36,34,66,92,102,44,84,114,111,123,69,39,24,10,13,3,1
315,Gangseo-gu Office,2024.1.1,alighting,0,0,0,1,13,58,68,65,62,54,72,130,105,67,61,44,52,29,22,19,18,19,6,5
316,Sports Park,2024.1.1,boarding,0,0,0,0,0,7,5,4,12,10,11,12,13,42,38,21,22,18,10,8,6,11,2,0
316,Sports Park,2024.1.1,alighting,0,0,0,0,2,11,4,10,17,14,21,11,13,19,18,14,15,4,16,10,7,10,2,3
317,Daejeo,2024.1.1,boarding,0,0,0,3,127,120,124,139,213,206,256,274,313,294,331,377,357,290,241,197,171,81,29,0
317,Daejeo,2024.1.1,alighting,0,0,0,0,69,139,116,173,197,216,207,277,244,254,332,285,297,195,230,225,135,139,70,13
402,Dongnae,2024.1.1,boarding,0,0,0,1,19,33,26,29,26,48,65,67,84,76,92,83,83,97,59,36,36,30,15,9
402,Dongnae,2024.1.1,alighting,0,0,0,0,21,37,23,39,54,65,83,101,95,88,91,96,105,90,60,49,31,25,24,1
403,Suan,2024.1.1,boarding,0,0,0,1,28,29,33,43,52,72,99,122,153,166,197,197,206,123,84,80,26,49,28,5
403,Suan,2024.1.1,alighting,0,0,0,0,15,33,27,52,96,101,151,177,232,184,170,159,127,86,49,34,24,20,17,3
404,Nangmin,2024.1.1,boarding,0,0,0,0,15,30,43,42,61,54,55,70,69,62,53,61,62,49,30,13,21,14,2,0
404,Nangmin,2024.1.1,alighting,0,0,0,0,20,24,15,28,35,55,54,58,56,74,68,82,62,54,53,41,19,17,9,4
405,Chungnyeolsa,2024.1.1,boarding,0,0,0,1,44,36,56,55,84,91,121,119,139,138,119,131,133,85,47,48,38,37,19,7
405,Chungnyeolsa,2024.1.1,alighting,0,0,0,1,24,39,15,44,51,76,96,112,148,162,142,156,169,117,69,50,54,31,21,9
406,Myeongjang,2024.1.1,boarding,0,0,0,1,98,61,59,81,105,109,134,132,141,131,100,111,94,66,48,29,20,23,23,3
406,Myeongjang,2024.1.1,alighting,0,0,0,0,8,42,24,59,60,57,82,100,98,130,134,176,185,147,84,64,70,47,29,6
407,Seo-dong,2024.1.1,boarding,0,0,0,1,31,56,31,42,55,60,103,145,131,121,86,68,69,62,28,27,29,20,14,2
407,Seo-dong,2024.1.1,alighting,0,0,0,0,14,29,28,38,85,59,76,83,126,115,114,121,128,102,76,53,31,32,20,7
408,Geumsa,2024.1.1,boarding,0,0,0,0,20,26,19,33,44,46,66,59,72,64,71,67,46,30,23,18,15,6,4,1
408,Geumsa,2024.1.1,alighting,0,0,0,0,4,23,23,27,36,35,39,46,63,50,45,56,60,52,19,25,20,13,8,4
409,Banyeo Agricultural Market,2024.1.1,boarding,0,0,0,0,11,5,28,27,34,49,75,62,65,68,63,72,58,44,24,11,12,18,15,9
409,Banyeo Agricultural Market,2024.1.1,alighting,0,0,0,0,8,20,25,44,48,44,49,53,75,58,47,63,60,50,32,17,13,10,10,6
410,Seokdae,2024.1.1,boarding,0,0,0,0,0,3,3,7,7,6,15,11,12,12,20,16,10,5,2,0,1,0,0,0
410,Seokdae,2024.1.1,alighting,0,0,0,0,1,2,0,4,5,4,5,3,9,7,9,5,4,2,0,1,1,0,0,1
411,Youngsan Univ.,2024.1.1,boarding,0,0,0,3,44,31,47,52,82,82,121,133,145,114,101,126,97,64,42,41,22,23,6,2
411,Youngsan Univ.,2024.1.1,alighting,0,0,0,1,10,34,31,46,59,53,74,59,95,94,145,120,132,103,62,80,50,64,76,35
412,Witbansong,2024.1.1,boarding,0,0,0,6,73,28,41,76,96,114,144,141,123,127,101,108,82,68,35,41,18,17,5,1
412,Witbansong,2024.1.1,alighting,0,0,0,2,5,33,37,25,63,67,81,94,87,92,126,159,120,115,50,40,67,34,26,19
413,Gochon,2024.1.1,boarding,0,0,1,0,7,10,15,24,24,26,20,61,27,46,33,31,31,20,4,6,7,3,2,1
413,Gochon,2024.1.1,alighting,0,0,0,2,0,10,13,18,18,24,14,26,26,26,30,25,32,18,13,7,9,5,6,2
414,Anpyeong,2024.1.1,boarding,0,0,0,2,23,27,37,42,62,90,100,100,105,82,97,98,93,51,36,33,19,11,1,1
414,Anpyeong,2024.1.1,alighting,0,0,0,0,1,45,36,56,61,57,65,81,68,97,101,94,86,56,37,40,37,46,10,13